,Name,NOC,Discipline,Event
0,ABDELMAGID Wael,Egypt,Football,
1,ABE Junya,Japan,Volleyball,
2,ABE Katsuhiko,Japan,Basketball,
3,ADAMA Cherif,Côte d'Ivoire,Football,
4,AGEBA Yuya,Japan,Volleyball,
5,AIKMAN Siegfried Gottlieb,Japan,Hockey,Men
6,AL SAADI Kais,Germany,Hockey,Men
7,ALAMEDA Lonni,Canada,Baseball/Softball,Softball
8,ALEKNO Vladimir,Islamic Republic of Iran,Volleyball,Men
9,ALEKSEEV Alexey,ROC,Handball,Women
10,ALLER CARBALLO Manuel Angel,Spain,Basketball,
11,ALSHEHRI Saad,Saudi Arabia,Football,Men
12,ALY Kamal,Egypt,Football,
13,AMAYA GAITAN Fabian,Puerto Rico,Basketball,
14,AMO AGUADO Pablo,Spain,Football,
15,ANDONOVSKI Vlatko,United States of America,Football,Women
16,ANNAN Alyson,Netherlands,Hockey,Women
17,ARNAU CREUS Xavier,Japan,Hockey,Women
18,ARNOLD Graham,Australia,Football,Men
19,AXNER Tomas,Sweden,Handball,Women
20,BABER Gareth Colin,Fiji,Rugby Sevens,Men
21,BACIU Horatiu,Romania,Football,
22,BANBULA Wojciech,Poland,Volleyball,
23,BAO Zhuang,People's Republic of China,Volleyball,
24,BARYLA Pawel,ROC,Volleyball,
25,BASILIO Mel,Canada,Baseball/Softball,Softball
26,BASSO Paola,Great Britain,Artistic Swimming,Duet
27,BATCH Colin,Australia,Hockey,Men
28,BATISTA Fernando,Argentina,Football,Men
29,BATISTA SANTIAGO Gerardo,Puerto Rico,Basketball,Women
30,BENCIC Filip,Serbia,Basketball,
31,BERG Laura,United States of America,Baseball/Softball,Softball
32,BERGE Christian,Norway,Handball,Men
33,BILLAVA SURESH Ankitha,India,Hockey,Women
34,BIRO Attila,Hungary,Water Polo,Women
35,BLECHER SIDOROVA Svetlana,Israel,Artistic Swimming,Duet
36,BLENGINI Gianlorenzo,Italy,Volleyball,Men
37,BOLTON Alice,Nigeria,Basketball,
38,BREIVIK Marit,Norway,Handball,
39,BRODERICK William,Brazil,Rugby Sevens,Women
40,BRONDELLO Sandy,Australia,Basketball,Women
41,BROWN Chris,United States of America,Rugby Sevens,Women
42,BROWN Michael,Nigeria,Basketball,Men
43,BRUN Aristide,Austria,Artistic Swimming,
44,BUNTING Allan,New Zealand,Rugby Sevens,Women
45,BURLANDO Giovanna,Italy,Artistic Swimming,
46,BUSATO Sergio,ROC,Volleyball,Women
47,BUSENKELL Axel,Germany,Football,
48,BYRNE Mick,Canada,Rugby Sevens,Women
49,CADENAS MONTANES Manuel,Argentina,Handball,Men
50,CALDAS Max,Netherlands,Hockey,Men
51,CAMPAGNA Alessandro,Italy,Water Polo,Men
52,CARO Carlos,Mexico,Baseball/Softball,Softball
53,CASAREZ Mary Lucy,Japan,Baseball/Softball,Softball
54,CASTRO Alex,Chile,Football,
55,CHAMBERS Cheryl,Australia,Basketball,
56,CHEPAK Anastasiya,Egypt,Artistic Swimming,Duet
57,CHEPAK Anastasiya,Egypt,Artistic Swimming,Team
58,CHERNETSKA Natalia,Greece,Artistic Swimming,Duet
59,CHERNETSKA Natalia,Greece,Artistic Swimming,Team
60,CHIARI Simona,San Marino,Artistic Swimming,
61,CHOI Il Eon,Republic of Korea,Baseball/Softball,Baseball
62,CHUN Jooweon,Republic of Korea,Basketball,Women
63,CLARK STEPHEN Gregg,India,Hockey,Men
64,COLLET Vincent,France,Basketball,Men
65,COMMENS Adam,Belgium,Hockey,
66,COURTEIX David,France,Rugby Sevens,Women
67,CRESPI JAUME Margalida,Colombia,Artistic Swimming,
68,CRUZ Filipe,Angola,Handball,Women
69,DAL ZOTTO Renan,Brazil,Volleyball,Men
70,DANCER Sean,Ireland,Hockey,Women
71,DANCHENKO Tatiana,ROC,Artistic Swimming,Duet
72,DAVY Jeremy,Australia,Hockey,Women
73,DAZA Fabian,Chile,Football,
74,de la FUENTE CASTILLO Luis,Spain,Football,Men
75,de MOURA Luizomar,Kenya,Volleyball,Women
76,de OLIVEIRA Marcus Ricardo,Brazil,Handball,Men
77,de VOS Robbert-Jan,Netherlands,Hockey,
78,DELANEY Mike,New Zealand,Hockey,
79,DEMCHENKO Zhanna,Kazakhstan,Artistic Swimming,Duet
80,DIAZ FERNANDEZ Jenaro Manuel,Spain,Basketball,
81,DIAZ HENRIQUEZ Nestor,Dominican Republic,Basketball,
82,DIDENKO Natalia,Spain,Artistic Swimming,
83,DOBSON Howard,United States of America,Baseball/Softball,Softball
84,DORE Karine,Canada,Artistic Swimming,
85,DROBNJAK Dragisa,Slovenia,Basketball,
86,DUENAS de GALARZA Jorge,Brazil,Handball,Women
87,DURO Fernando,Venezuela,Basketball,
88,DYKSTRA Trisha,Australia,Basketball,
89,ECHEZURIA Manuel,Venezuela,Basketball,
90,EDDY Anthony,Ireland,Rugby Sevens,Men
91,EITOKU Atsushi,Japan,Artistic Swimming,
92,ELAFANDI Nour,Egypt,Artistic Swimming,Duet
93,ELAFANDI Nour,Egypt,Artistic Swimming,Team
94,ELEK Gabor,Hungary,Handball,Women
95,ENGELLAND Chip,United States of America,Basketball,
96,ENQUIST Susan,United States of America,Volleyball,
97,ERIKSEN Ken,United States of America,Baseball/Softball,Softball
98,EWING Gareth,South Africa,Hockey,Men
99,FABRE Julie,France,Artistic Swimming,Duet
100,FAHMY LATIF Yasmine,Egypt,Artistic Swimming,
101,FALERO Miguel,Honduras,Football,Men
102,FARINELLI Roberta,Italy,Artistic Swimming,Duet
103,FARINELLI Roberta,Italy,Artistic Swimming,Team
104,FATOVIC Elvis,Australia,Water Polo,Men
105,FAVAREL Pablo,Venezuela,Basketball,
106,FEDIUSHYNA Tetiana,Ukraine,Artistic Swimming,
107,FERRARO Hernan,Argentina,Volleyball,Women
108,FISH Nathan,Israel,Baseball/Softball,Baseball
109,FLOWERS Tairia,United States of America,Baseball/Softball,Softball
110,FOIREST Laurent,France,Basketball,
111,FORREST Scott,Great Britain,Rugby Sevens,Women
112,FRIDAY Mike,United States of America,Rugby Sevens,Men
113,FUENTES Andrea,United States of America,Artistic Swimming,Duet
114,FUERBRINGER Matthew,United States of America,Volleyball,
115,FUJIKI Mayuko,Spain,Artistic Swimming,Duet
116,FUJIKI Mayuko,Spain,Artistic Swimming,Team
117,FULI Saiasi,Fiji,Rugby Sevens,Women
118,GADEMAN Pasha,Canada,Hockey,Men
119,GAIDUKOV Aleksandr,ROC,Water Polo,Women
120,GARCIA HERRERA Manuel,Dominican Republic,Baseball/Softball,Baseball
121,GARCIA Nestor,Dominican Republic,Basketball,
122,GARCIA PIZARRO Paula,Colombia,Artistic Swimming,Duet
123,GARNIER Valerie,France,Basketball,Women
124,GERHARDSSON Peter,Sweden,Football,Women
125,GIACOBBE Antonio,Tunisia,Volleyball,Men
126,GIALLOMBARDO Patrizia,Italy,Artistic Swimming,Duet
127,GIALLOMBARDO Patrizia,Italy,Artistic Swimming,Team
128,GILLE Guillaume,France,Handball,Men
129,GINZBURG Ronen,Czech Republic,Basketball,Men
130,GISLASON Alfred,Germany,Handball,Men
131,GOJKOVIC Vladimir,Montenegro,Water Polo,Men
132,GOMEZ CORA Santiago,Argentina,Rugby Sevens,Men
133,GONZALEZ Anibal,Mexico,Football,
134,GONZALEZ JARENO Angel,Spain,Basketball,
135,GOORJIAN Brian,Australia,Basketball,Men
136,GORDO MANSILLA Juan David,Spain,Football,
137,GRAINGER Adam,Ireland,Hockey,
138,GRAUPERA Cristina,Greece,Artistic Swimming,
139,GRAZIOSI Gianluca,Italy,Volleyball,
140,GRESKOWIAK Arne,Germany,Basketball,
141,GRYZUNOVA Elena,ROC,Artistic Swimming,Team
142,GUERRERO LOPEZ Julen,Spain,Football,
143,GUERRERO Rolando,Mexico,Baseball/Softball,Softball
144,GUERRERO Rolando,Mexico,Baseball/Softball,Softball
145,GUIDETTI Giovanni,Turkey,Volleyball,Women
146,GUILLEN Ronald,Venezuela,Basketball,
147,GUIMARAES Jose Roberto,Brazil,Volleyball,Women
148,GUSTAVSSON Tony,Australia,Football,Women
149,HAGER Mark,Great Britain,Hockey,Women
150,HAIDARA Soualiho,Côte d'Ivoire,Football,Men
151,HALD Simon,Denmark,Handball,
152,HALKETT Rhett,Netherlands,Hockey,
153,HAM Darvin de,Nigeria,Basketball,
154,HARDY William,United States of America,Basketball,
155,HARROW Laing,Australia,Baseball/Softball,Softball
156,HARVEY Laura,United States of America,Football,
157,HAVENGA Arno,Netherlands,Water Polo,Women
158,HAY Danny,New Zealand,Football,Men
159,HEM Thon Ponloeu,Cambodia,Artistic Swimming,
160,HENKEL Claas,Germany,Hockey,Men
161,HENNING Andre,Canada,Hockey,Men
162,HERGEIRSSON Thorir,Norway,Handball,Women
163,HERNANDEZ FRAILE Jose Ignacio,Spain,Basketball,
164,HERNANDEZ Sergio,Argentina,Basketball,Men
165,HEYNEN Vital,Poland,Volleyball,Men
166,HIROSE Norikazu,Japan,Football,
167,HOAG Glenn,Canada,Volleyball,Men
168,HOLANEK Zoltan,Hungary,Handball,
169,HOVASSE Thomas Wayne,Japan,Basketball,Women
170,HUGHES Daniel,United States of America,Basketball,
171,HUGHLEY JR Otis,Nigeria,Basketball,Women
172,IMURA Masayo,Japan,Artistic Swimming,
173,IWABUCHI Kensuke,Japan,Rugby Sevens,Men
174,JACOBSEN Nikolaj,Denmark,Handball,Men
175,JARDINE Andre,Brazil,Football,Men
176,JAUMA CAYUELA Esther,Netherlands,Artistic Swimming,Duet
177,JENNINGS Dee,Australia,Hockey,
178,JEROME Essapa,Côte d'Ivoire,Football,
179,JIA Xiuquan,People's Republic of China,Football,Women
180,JIMENEZ NIETO Cecilia,Spain,Artistic Swimming,
181,JOHNSON Vickie,United States of America,Basketball,
182,JONES Chris,Canada,Baseball/Softball,Softball
183,JONES Nathan,Australia,Baseball/Softball,Softball
184,KAISER Pierre,Belgium,Basketball,
185,KANEKO Makoto,Japan,Baseball/Softball,Baseball
186,KANG Jae Won,Republic of Korea,Handball,Women
187,KANUNGO Bergin,Zambia,Football,
188,KAWASE Asaki,Japan,Football,
189,KAZAMA Takafumi,Japan,Football,
190,KELLER Florian,Germany,Hockey,Women
191,KERRY Danny,Great Britain,Hockey,Men
192,KIM Chanbin,Republic of Korea,Football,
193,KIM Hagbum,Republic of Korea,Football,Men
194,KIRALY Karch,United States of America,Volleyball,Women
195,KIRKELY Ulrik,Japan,Handball,Women
196,KIRKPATRICK Andrew,Australia,Baseball/Softball,Softball
197,KITABAYASHI Kenji,Japan,Handball,
198,KLARENBEEK Auke,Netherlands,Handball,
199,KNEZEVIC Nemanja,Kazakhstan,Water Polo,Men
200,KOFFI Anthony,Côte d'Ivoire,Football,
201,KONSTANTINOV Aleksei,ROC,Volleyball,
202,KONTIC Svetlana,Serbia,Artistic Swimming,
203,KRIKORIAN Adam,United States of America,Water Polo,Women
204,KRIST JANSSON Aron,Bahrain,Handball,Men
205,KRUMBHOLZ Olivier,France,Handball,Women
206,KULESZA Katarzyna,Canada,Artistic Swimming,Team
207,KUNTZ Stefan,Germany,Football,Men
208,KUZIN Andrey,ROC,Rugby Sevens,Women
209,KWIEK Marcos,Dominican Republic,Volleyball,Women
210,LAIDLAW Clark,New Zealand,Rugby Sevens,Men
211,LAMAS Julio,Japan,Basketball,Men
212,LANG Ping,People's Republic of China,Volleyball,Women
213,LAVARINI Stefano,Republic of Korea,Volleyball,Women
214,LAZARO CORRAL Jesus,Spain,Basketball,
215,LETELIER Jose,Chile,Football,Women
216,LOCK Adrian Mayner,Spain,Hockey,Women
217,LOFTUS Adriana,Mexico,Artistic Swimming,Duet
218,LOPES BARBOSA Leonard,Kenya,Volleyball,
219,LOPEZ GUILLEN Melvyn,Dominican Republic,Basketball,
220,LOPEZ Monica Susana,Argentina,Artistic Swimming,
221,LOUCKS Luke,Nigeria,Basketball,
222,LOZANO Jaime,Mexico,Football,Men
223,MACEK Anze,Slovenia,Basketball,
224,MACKINTOSH Euan Michael Gordon,People's Republic of China,Rugby Sevens,Women
225,MAEDA Kenzo,Japan,Basketball,
226,MAHLANGU Sibusiso,South Africa,Football,
227,MAKIRI Hare,Japan,Rugby Sevens,Women
228,MALJKOVIC Marina,Serbia,Basketball,Women
229,MANENTI John,Australia,Rugby Sevens,Women
230,MANZANILLO Andres,Venezuela,Volleyball,
231,MARCZ Tamas,Hungary,Water Polo,Men
232,MARIJNE Sjoerd,India,Hockey,Women
233,MARINELLI Fernando,Chile,Football,
234,MARTIN LOZANO David,Spain,Water Polo,Men
235,MARTIN Paul,South Africa,Water Polo,Men
236,MASHA Mario,South Africa,Football,
237,MATSUNO Yoshiyuki,Japan,Basketball,
238,MATSUODANI Yasushi,Japan,Football,
239,MAYBURY Elena,United States of America,Football,
240,MAYONNADE Emmanuel,Netherlands,Handball,Women
241,MAZZANTI Davide,Italy,Volleyball,Women
242,McCRORIE Christy,South Africa,Hockey,
243,McLEOD Shane,Belgium,Hockey,Men
244,MEDINA Bobby,Nigeria,Basketball,
245,MENDEZ Marcelo Rodolfo,Argentina,Volleyball,Men
246,MENGUAL CIVIL Gemma,Spain,Artistic Swimming,
247,MENTOOR Delaine,South Africa,Water Polo,Women
248,MERCEDES del ROSARIO Jose,Dominican Republic,Basketball,
249,MESTDAGH Philip,Belgium,Basketball,Women
250,MEZHENINA Valeriia,Ukraine,Artistic Swimming,Team
251,MEZIANE Rachid,France,Basketball,
252,MIHAILOVIC Predrag,Australia,Water Polo,Women
253,MIREJOVSKY Michal,Czech Republic,Basketball,
254,MIRET GARCIA Daniel,Spain,Basketball,
255,MIURA Keiko,Japan,Hockey,Women
256,MIYAKAWA Miya,Japan,Artistic Swimming,
257,MLADENOVA Albena,Austria,Artistic Swimming,Duet
258,MOHAMED Mai,Egypt,Artistic Swimming,
259,MOHAMED Sayeda,Saudi Arabia,Football,
260,MOHAMMED Silifat,Nigeria,Basketball,
261,MONDELO GARCIA Lucas,Spain,Basketball,Women
262,MONTICO Loredana,Australia,Artistic Swimming,Duet
263,MONTICO Loredana,Australia,Artistic Swimming,Team
264,MORIYASU Hajime,Japan,Football,Men
265,MOTOMIYA Makihiro,Japan,Water Polo,Women
266,MULATI Adilijiang,People's Republic of China,Basketball,
267,MUNOZ Noe de Jesus,Mexico,Baseball/Softball,Baseball
268,MWAPE Bruce,Zambia,Football,Women
269,NAGAE Shoji,Japan,Volleyball,
270,NAIDOO Taren,South Africa,Hockey,Women
271,NAKADA Kumi,Japan,Volleyball,Women
272,NAKAGAICHI Yuichi,Japan,Volleyball,Men
273,NCUBE Mthandazo,South Africa,Football,
274,NEVES Christophe,Côte d'Ivoire,Football,
275,NISHIDA Takumi,Japan,Rugby Sevens,
276,NOTOANE David,South Africa,Football,Men
277,OCA GAIA Miguel Angel,Spain,Water Polo,Women
278,ODAUDU Ogoh,Nigeria,Basketball,
279,OLOO Felix,Kenya,Rugby Sevens,Women
280,OMOTO Yoji,Japan,Water Polo,Men
281,PAGAN CRISTOBAL Angel,Puerto Rico,Basketball,
282,PALERMI Giovanna,Italy,Baseball/Softball,Softball
283,PANTOJA Hernan,Venezuela,Volleyball,
284,PARADELO David,Canada,Water Polo,Women
285,PARRONDO Roberto,Egypt,Handball,Men
286,PAUL Henry,Canada,Rugby Sevens,Men
287,PECCI Isabella,San Marino,Artistic Swimming,
288,PEDRERO Ofelia,Mexico,Artistic Swimming,Duet
289,PEREIRA Paulo Jorge,Portugal,Handball,Men
290,PEREZ Jose,Venezuela,Basketball,
291,PIBIRI Rossella,Italy,Artistic Swimming,
292,PISKAREVA Ekaterina,ROC,Artistic Swimming,
293,PIZZOLINI Federico,Italy,Baseball/Softball,Softball
294,POPOVICH Gregg,United States of America,Basketball,Men
295,POROBIC Petar,People's Republic of China,Water Polo,Women
296,POTTER Anthony,Australia,Hockey,Men
297,POWELL Katrina,Australia,Hockey,Women
298,POWELL Neil,South Africa,Rugby Sevens,Men
299,PRADO BRANAS Joaquin,Spain,Basketball,
300,PRIESTMAN Bev,Canada,Football,Women
301,RADOI Mirel,Romania,Football,Men
302,RECKINGER Xavier,Germany,Hockey,Women
303,REID Graham John,India,Hockey,Men
304,REQUENA PERICAS Judit,Spain,Artistic Swimming,Duet
305,REQUENA PERICAS Judit,Spain,Artistic Swimming,Team
306,RETEGUI Carlos Jose,Argentina,Hockey,Men
307,RETEGUI Carlos Jose,Argentina,Hockey,Women
308,RIBERA ROMANS Jordi,Spain,Handball,Men
309,RIISE Hege,Great Britain,Football,Women
310,RILLIE John,Australia,Basketball,
311,RIPOLL Sylvain,France,Football,Men
312,RODRIGUEZ Eduardo Rafael,Argentina,Volleyball,
313,ROEDL Henrik,Germany,Basketball,Men
314,ROQUES Anthony,Great Britain,Rugby Sevens,Men
315,SACCHETTI Romeo,Italy,Basketball,Men
316,SALAM Mohamed,Egypt,Football,
317,SAMMELVUO Tuomas,ROC,Volleyball,Men
318,SARTI Ronald,Venezuela,Volleyball,Men
319,SAVIC Dejan,Serbia,Water Polo,Men
320,SAVIC Maja,Montenegro,Handball,Women
321,SCARIOLO Sergio,Spain,Basketball,Men
322,SCHILLING April,Nigeria,Basketball,
323,SEKULIC Aleksander,Slovenia,Basketball,Men
324,SEO Chun Oh,Republic of Korea,Rugby Sevens,Men
325,SERMANNI Tom,New Zealand,Football,Women
326,SHAHINTAB Mehran,Islamic Republic of Iran,Basketball,Men
327,SHAHNAZI Shahbaz,Austria,Artistic Swimming,
328,SHAW Graham,New Zealand,Hockey,Women
329,SHAWKY Gharib,Egypt,Football,Men
330,SIAM Zaghloul,Egypt,Football,
331,SIGURDSSON Dagur,Japan,Handball,Men
332,SIMIYU Innocent,Kenya,Rugby Sevens,Men
333,SINGH Shivendra,India,Hockey,Men
334,SMITH Darren,New Zealand,Hockey,Men
335,SMITH Mark,Canada,Baseball/Softball,Softball
336,SOLBERG Glenn,Sweden,Handball,Men
337,SOYEZ Frederic,Spain,Hockey,Men
338,SPERAW John,United States of America,Volleyball,Men
339,SPERONI Stefania,Great Britain,Artistic Swimming,Duet
340,STALEY Dawn,United States of America,Basketball,Women
341,STANIFORTH Dave,Australia,Hockey,
342,STAS Jacques,Belgium,Basketball,
343,SUNDHAGE Pia Mariane,Brazil,Football,Women
344,SVETLICHNAYA Aliona,Belarus,Artistic Swimming,Duet
345,SZAUDER Gabor,Canada,Artistic Swimming,Duet
346,SZAUDER Gabor,Canada,Artistic Swimming,Team
347,SZAUDER Nora,Slovakia,Artistic Swimming,
348,TAGLE German,Chile,Football,
349,TAKAKURA Asako,Japan,Football,Women
350,TAKITA Risako,Japan,Artistic Swimming,
351,TARR Heather,United States of America,Baseball/Softball,Softball
352,TARRES CAMPA Ana,Greece,Artistic Swimming,Duet
353,TARRES CAMPA Ana,Greece,Artistic Swimming,Team
354,TERZIC Zoran,Serbia,Volleyball,Women
355,THOMAIDIS Lisa,Canada,Basketball,Women
356,TILLIE Laurent,France,Volleyball,Men
357,TOMOMATSU Yumiko,Italy,Artistic Swimming,
358,TUCAK Ivica,Croatia,Water Polo,Men
359,TURNER Glenn,New Zealand,Hockey,Men
360,UDOKA Ime,United States of America,Basketball,
361,UDOVICIC Dejan,United States of America,Water Polo,Men
362,UTKIN Volodymyr,Ukraine,Artistic Swimming,
363,UTSUGI Reika,Japan,Baseball/Softball,Softball
364,van GINKEL Robin,South Africa,Hockey,Women
365,van GUNDY Jeff,United States of America,Basketball,
366,VASQUEZ Diego,Venezuela,Basketball,
367,VEGA HERRERO Anna,Spain,Artistic Swimming,
368,VILLEGAS Orlando,Venezuela,Volleyball,
369,VITORINO de SOUZA Marcelo,Kenya,Volleyball,
370,VIVER ARZA Carlos Enrique,Spain,Handball,Women
371,VLACHOS Theodoros,Greece,Water Polo,Men
372,VORONOVA Elena,ROC,Artistic Swimming,Duet
373,WALL Michael,United States of America,Volleyball,
374,WALSH Tim,Australia,Rugby Sevens,Men
375,WANG Jie,People's Republic of China,Artistic Swimming,Duet
376,WANG Jie,People's Republic of China,Artistic Swimming,Team
377,WANG Yang,People's Republic of China,Hockey,Women
378,WEINSTEIN Jerry,United States of America,Baseball/Softball,Baseball
379,WIEGMAN Sarina,Netherlands,Football,Women
380,WIRTH Oscar,Chile,Football,
381,WOELFLIN Roberto Osvaldo,Argentina,Volleyball,
382,WOICKI Pawel,Poland,Volleyball,
383,WRIGHT Jerold,United States of America,Basketball,
384,XU Limin,People's Republic of China,Basketball,Women
385,YAMAJI Noriko,Japan,Baseball/Softball,Softball
386,YUAN Lingxi,People's Republic of China,Volleyball,
387,YURKIN Sergey,ROC,Volleyball,
388,ZAITSEVA Olesia,Ukraine,Artistic Swimming,Duet
389,ZAMORA PEDREIRA Javier,Spain,Basketball,
390,ZAMPIERI Francesca,Liechtenstein,Artistic Swimming,Duet
391,ZHANG Xiaohuan,People's Republic of China,Artistic Swimming,
392,ZIJP Simon,Netherlands,Hockey,
393,ZONDI Nkuliso,South Africa,Hockey,Women
