,Name,Discipline,NOC,Event
0,Belgium,3x3 Basketball,Belgium,Men
1,China,3x3 Basketball,People's Republic of China,Men
2,China,3x3 Basketball,People's Republic of China,Women
3,France,3x3 Basketball,France,Women
4,Italy,3x3 Basketball,Italy,Women
5,Japan,3x3 Basketball,Japan,Men
6,Japan,3x3 Basketball,Japan,Women
7,Latvia,3x3 Basketball,Latvia,Men
8,Mongolia,3x3 Basketball,Mongolia,Women
9,Netherlands,3x3 Basketball,Netherlands,Men
10,Poland,3x3 Basketball,Poland,Men
11,ROC,3x3 Basketball,ROC,Men
12,ROC,3x3 Basketball,ROC,Women
13,Romania,3x3 Basketball,Romania,Women
14,Serbia,3x3 Basketball,Serbia,Men
15,United States,3x3 Basketball,United States of America,Women
16,Australia,Archery,Australia,Men's Team
17,Australia,Archery,Australia,Mixed Team
18,Bangladesh,Archery,Bangladesh,Mixed Team
19,Belarus,Archery,Belarus,Women's Team
20,Brazil,Archery,Brazil,Mixed Team
21,Canada,Archery,Canada,Mixed Team
22,China,Archery,People's Republic of China,Men's Team
23,China,Archery,People's Republic of China,Mixed Team
24,China,Archery,People's Republic of China,Women's Team
25,Chinese Taipei,Archery,Chinese Taipei,Men's Team
26,Chinese Taipei,Archery,Chinese Taipei,Mixed Team
27,Chinese Taipei,Archery,Chinese Taipei,Women's Team
28,Colombia,Archery,Colombia,Mixed Team
29,Egypt,Archery,Egypt,Mixed Team
30,France,Archery,France,Men's Team
31,France,Archery,France,Mixed Team
32,Germany,Archery,Germany,Mixed Team
33,Germany,Archery,Germany,Women's Team
34,Great Britain,Archery,Great Britain,Men's Team
35,Great Britain,Archery,Great Britain,Mixed Team
36,Great Britain,Archery,Great Britain,Women's Team
37,India,Archery,India,Men's Team
38,India,Archery,India,Mixed Team
39,Indonesia,Archery,Indonesia,Men's Team
40,Indonesia,Archery,Indonesia,Mixed Team
41,Italy,Archery,Italy,Mixed Team
42,Italy,Archery,Italy,Women's Team
43,Japan,Archery,Japan,Men's Team
44,Japan,Archery,Japan,Mixed Team
45,Japan,Archery,Japan,Women's Team
46,Kazakhstan,Archery,Kazakhstan,Men's Team
47,Malaysia,Archery,Malaysia,Mixed Team
48,Mexico,Archery,Mexico,Mixed Team
49,Mexico,Archery,Mexico,Women's Team
50,Mongolia,Archery,Mongolia,Mixed Team
51,Netherlands,Archery,Netherlands,Men's Team
52,Netherlands,Archery,Netherlands,Mixed Team
53,Poland,Archery,Poland,Mixed Team
54,Rep. of Moldova,Archery,Republic of Moldova,Mixed Team
55,Republic of Korea,Archery,Republic of Korea,Men's Team
56,Republic of Korea,Archery,Republic of Korea,Mixed Team
57,Republic of Korea,Archery,Republic of Korea,Women's Team
58,ROC,Archery,ROC,Mixed Team
59,ROC,Archery,ROC,Women's Team
60,Spain,Archery,Spain,Mixed Team
61,Tunisia,Archery,Tunisia,Mixed Team
62,Turkey,Archery,Turkey,Mixed Team
63,Ukraine,Archery,Ukraine,Mixed Team
64,Ukraine,Archery,Ukraine,Women's Team
65,United States,Archery,United States of America,Men's Team
66,United States,Archery,United States of America,Mixed Team
67,United States,Archery,United States of America,Women's Team
68,Vietnam,Archery,Vietnam,Mixed Team
69,Belgium,Artistic Gymnastics,Belgium,Women's Team
70,Brazil,Artistic Gymnastics,Brazil,Men's Team
71,Canada,Artistic Gymnastics,Canada,Women's Team
72,China,Artistic Gymnastics,People's Republic of China,Men's Team
73,China,Artistic Gymnastics,People's Republic of China,Women's Team
74,Chinese Taipei,Artistic Gymnastics,Chinese Taipei,Men's Team
75,France,Artistic Gymnastics,France,Women's Team
76,Germany,Artistic Gymnastics,Germany,Men's Team
77,Germany,Artistic Gymnastics,Germany,Women's Team
78,Great Britain,Artistic Gymnastics,Great Britain,Men's Team
79,Great Britain,Artistic Gymnastics,Great Britain,Women's Team
80,Italy,Artistic Gymnastics,Italy,Women's Team
81,Japan,Artistic Gymnastics,Japan,Men's Team
82,Japan,Artistic Gymnastics,Japan,Women's Team
83,Netherlands,Artistic Gymnastics,Netherlands,Women's Team
84,Korea,Artistic Gymnastics,Republic of Korea,Men's Team
85,ROC,Artistic Gymnastics,ROC,Men's Team
86,ROC,Artistic Gymnastics,ROC,Women's Team
87,Spain,Artistic Gymnastics,Spain,Men's Team
88,Spain,Artistic Gymnastics,Spain,Women's Team
89,Switzerland,Artistic Gymnastics,Switzerland,Men's Team
90,Ukraine,Artistic Gymnastics,Ukraine,Men's Team
91,United States,Artistic Gymnastics,United States of America,Men's Team
92,United States,Artistic Gymnastics,United States of America,Women's Team
93,Australia,Artistic Swimming,Australia,Duet
94,Australia,Artistic Swimming,Australia,Team
95,Austria,Artistic Swimming,Austria,Duet
96,Belarus,Artistic Swimming,Belarus,Duet
97,Canada,Artistic Swimming,Canada,Duet
98,Canada,Artistic Swimming,Canada,Team
99,China,Artistic Swimming,People's Republic of China,Duet
100,China,Artistic Swimming,People's Republic of China,Team
101,Colombia,Artistic Swimming,Colombia,Duet
102,Egypt,Artistic Swimming,Egypt,Duet
103,Egypt,Artistic Swimming,Egypt,Team
104,France,Artistic Swimming,France,Duet
105,Great Britain,Artistic Swimming,Great Britain,Duet
106,Greece,Artistic Swimming,Greece,Duet
107,Greece,Artistic Swimming,Greece,Team
108,Israel,Artistic Swimming,Israel,Duet
109,Italy,Artistic Swimming,Italy,Duet
110,Italy,Artistic Swimming,Italy,Team
111,Japan,Artistic Swimming,Japan,Duet
112,Japan,Artistic Swimming,Japan,Team
113,Kazakhstan,Artistic Swimming,Kazakhstan,Duet
114,Liechtenstein,Artistic Swimming,Liechtenstein,Duet
115,Mexico,Artistic Swimming,Mexico,Duet
116,Netherlands,Artistic Swimming,Netherlands,Duet
117,ROC,Artistic Swimming,ROC,Duet
118,ROC,Artistic Swimming,ROC,Team
119,South Africa,Artistic Swimming,South Africa,Duet
120,Spain,Artistic Swimming,Spain,Duet
121,Spain,Artistic Swimming,Spain,Team
122,Ukraine,Artistic Swimming,Ukraine,Duet
123,Ukraine,Artistic Swimming,Ukraine,Team
124,United States,Artistic Swimming,United States of America,Duet
125,Australia,Athletics,Australia,Women's 4 x 400m Relay
126,Bahamas,Athletics,Bahamas,Women's 4 x 400m Relay
127,Belarus,Athletics,Belarus,Women's 4 x 400m Relay
128,Belgium,Athletics,Belgium,4 x 400m Relay Mixed
129,Belgium,Athletics,Belgium,Men's 4 x 400m Relay
130,Belgium,Athletics,Belgium,Women's 4 x 400m Relay
131,Botswana,Athletics,Botswana,Men's 4 x 400m Relay
132,Brazil,Athletics,Brazil,4 x 400m Relay Mixed
133,Brazil,Athletics,Brazil,Men's 4 x 100m Relay
134,Brazil,Athletics,Brazil,Women's 4 x 100m Relay
135,Canada,Athletics,Canada,Men's 4 x 100m Relay
136,Canada,Athletics,Canada,Women's 4 x 400m Relay
137,China,Athletics,People's Republic of China,Men's 4 x 100m Relay
138,China,Athletics,People's Republic of China,Women's 4 x 100m Relay
139,Colombia,Athletics,Colombia,Men's 4 x 400m Relay
140,Cuba,Athletics,Cuba,Women's 4 x 400m Relay
141,Czech Republic,Athletics,Czech Republic,Men's 4 x 400m Relay
142,Denmark,Athletics,Denmark,Men's 4 x 100m Relay
143,Denmark,Athletics,Denmark,Women's 4 x 100m Relay
144,Dominican Rep.,Athletics,Dominican Republic,4 x 400m Relay Mixed
145,Ecuador,Athletics,Ecuador,Women's 4 x 100m Relay
146,France,Athletics,France,Men's 4 x 100m Relay
147,France,Athletics,France,Men's 4 x 400m Relay
148,France,Athletics,France,Women's 4 x 100m Relay
149,France,Athletics,France,Women's 4 x 400m Relay
150,Germany,Athletics,Germany,4 x 400m Relay Mixed
151,Germany,Athletics,Germany,Men's 4 x 100m Relay
152,Germany,Athletics,Germany,Men's 4 x 400m Relay
153,Germany,Athletics,Germany,Women's 4 x 100m Relay
154,Germany,Athletics,Germany,Women's 4 x 400m Relay
155,Ghana,Athletics,Ghana,Men's 4 x 100m Relay
156,Great Britain,Athletics,Great Britain,4 x 400m Relay Mixed
157,Great Britain,Athletics,Great Britain,Men's 4 x 100m Relay
158,Great Britain,Athletics,Great Britain,Men's 4 x 400m Relay
159,Great Britain,Athletics,Great Britain,Women's 4 x 100m Relay
160,Great Britain,Athletics,Great Britain,Women's 4 x 400m Relay
161,India,Athletics,India,4 x 400m Relay Mixed
162,India,Athletics,India,Men's 4 x 400m Relay
163,Ireland,Athletics,Ireland,4 x 400m Relay Mixed
164,Italy,Athletics,Italy,4 x 400m Relay Mixed
165,Italy,Athletics,Italy,Men's 4 x 100m Relay
166,Italy,Athletics,Italy,Men's 4 x 400m Relay
167,Italy,Athletics,Italy,Women's 4 x 100m Relay
168,Italy,Athletics,Italy,Women's 4 x 400m Relay
169,Jamaica,Athletics,Jamaica,4 x 400m Relay Mixed
170,Jamaica,Athletics,Jamaica,Men's 4 x 100m Relay
171,Jamaica,Athletics,Jamaica,Men's 4 x 400m Relay
172,Jamaica,Athletics,Jamaica,Women's 4 x 100m Relay
173,Jamaica,Athletics,Jamaica,Women's 4 x 400m Relay
174,Japan,Athletics,Japan,Men's 4 x 100m Relay
175,Japan,Athletics,Japan,Men's 4 x 400m Relay
176,Japan,Athletics,Japan,Women's 4 x 100m Relay
177,Netherlands,Athletics,Netherlands,4 x 400m Relay Mixed
178,Netherlands,Athletics,Netherlands,Men's 4 x 100m Relay
179,Netherlands,Athletics,Netherlands,Men's 4 x 400m Relay
180,Netherlands,Athletics,Netherlands,Women's 4 x 100m Relay
181,Netherlands,Athletics,Netherlands,Women's 4 x 400m Relay
182,Nigeria,Athletics,Nigeria,4 x 400m Relay Mixed
183,Nigeria,Athletics,Nigeria,Women's 4 x 100m Relay
184,Poland,Athletics,Poland,4 x 400m Relay Mixed
185,Poland,Athletics,Poland,Men's 4 x 400m Relay
186,Poland,Athletics,Poland,Women's 4 x 100m Relay
187,Poland,Athletics,Poland,Women's 4 x 400m Relay
188,South Africa,Athletics,South Africa,Men's 4 x 100m Relay
189,South Africa,Athletics,South Africa,Men's 4 x 400m Relay
190,Spain,Athletics,Spain,4 x 400m Relay Mixed
191,Switzerland,Athletics,Switzerland,Women's 4 x 100m Relay
192,Switzerland,Athletics,Switzerland,Women's 4 x 400m Relay
193,Trinidad & Tobago,Athletics,Trinidad and Tobago,Men's 4 x 100m Relay
194,Trinidad & Tobago,Athletics,Trinidad and Tobago,Men's 4 x 400m Relay
195,Trinidad & Tobago,Athletics,Trinidad and Tobago,Women's 4 x 100m Relay
196,Turkey,Athletics,Turkey,Men's 4 x 100m Relay
197,Ukraine,Athletics,Ukraine,4 x 400m Relay Mixed
198,Ukraine,Athletics,Ukraine,Women's 4 x 400m Relay
199,United States,Athletics,United States of America,4 x 400m Relay Mixed
200,United States,Athletics,United States of America,Men's 4 x 100m Relay
201,United States,Athletics,United States of America,Men's 4 x 400m Relay
202,United States,Athletics,United States of America,Women's 4 x 100m Relay
203,United States,Athletics,United States of America,Women's 4 x 400m Relay
204,Australia,Baseball/Softball,Australia,Softball
205,Canada,Baseball/Softball,Canada,Softball
206,Dominican Rep.,Baseball/Softball,Dominican Republic,Baseball
207,Israel,Baseball/Softball,Israel,Baseball
208,Italy,Baseball/Softball,Italy,Softball
209,Japan,Baseball/Softball,Japan,Baseball
210,Japan,Baseball/Softball,Japan,Softball
211,Mexico,Baseball/Softball,Mexico,Baseball
212,Mexico,Baseball/Softball,Mexico,Softball
213,Republic of Korea,Baseball/Softball,Republic of Korea,Baseball
214,United States,Baseball/Softball,United States of America,Baseball
215,United States,Baseball/Softball,United States of America,Softball
216,Argentina,Basketball,Argentina,Men
217,Australia,Basketball,Australia,Men
218,Australia,Basketball,Australia,Women
219,Belgium,Basketball,Belgium,Women
220,Canada,Basketball,Canada,Women
221,China,Basketball,People's Republic of China,Women
222,Czech Republic,Basketball,Czech Republic,Men
223,France,Basketball,France,Men
224,France,Basketball,France,Women
225,Germany,Basketball,Germany,Men
226,Islamic Rep. of Iran,Basketball,Islamic Republic of Iran,Men
227,Italy,Basketball,Italy,Men
228,Japan,Basketball,Japan,Men
229,Japan,Basketball,Japan,Women
230,Nigeria,Basketball,Nigeria,Men
231,Nigeria,Basketball,Nigeria,Women
232,Puerto Rico,Basketball,Puerto Rico,Women
233,Republic of Korea,Basketball,Republic of Korea,Women
234,Serbia,Basketball,Serbia,Women
235,Slovenia,Basketball,Slovenia,Men
236,Spain,Basketball,Spain,Men
237,Spain,Basketball,Spain,Women
238,United States,Basketball,United States of America,Men
239,United States,Basketball,United States of America,Women
240,Azaad/Capogrosso,Beach Volleyball,Argentina,Men
241,Gallay/Pereyra,Beach Volleyball,Argentina,Women
242,McHugh/Schumann,Beach Volleyball,Australia,Men
243,Artacho Del Solar/Clancy,Beach Volleyball,Australia,Women
244,Alison/Alvaro Filho,Beach Volleyball,Brazil,Men
245,Evandro/Bruno Schmidt,Beach Volleyball,Brazil,Men
246,Ana Patricia/Rebecca,Beach Volleyball,Brazil,Women
247,Agatha/Duda,Beach Volleyball,Brazil,Women
248,Bansley/Brandie,Beach Volleyball,Canada,Women
249,Pavan/Melissa,Beach Volleyball,Canada,Women
250,Grimalt M./Grimalt E.,Beach Volleyball,Chile,Men
251,Wang/X.Y.Xia,Beach Volleyball,People's Republic of China,Women
252,Xue/Wang X.X.,Beach Volleyball,People's Republic of China,Women
253,Lidy/Leila,Beach Volleyball,Cuba,Women
254,Perusic/Schweiner,Beach Volleyball,Czech Republic,Men
255,Hermannova/Slukova,Beach Volleyball,Czech Republic,Women
256,Thole J./Wickler,Beach Volleyball,Germany,Men
257,Ludwig/Kozuch,Beach Volleyball,Germany,Women
258,Sude/Borger,Beach Volleyball,Germany,Women
259,Nicolai/Lupo,Beach Volleyball,Italy,Men
260,Carambula/Rossi,Beach Volleyball,Italy,Men
261,Menegatti/Orsi Toth,Beach Volleyball,Italy,Women
262,Gottsu/Shiratori,Beach Volleyball,Japan,Men
263,Ishii/Murakami,Beach Volleyball,Japan,Women
264,Makokha/Khadambi,Beach Volleyball,Kenya,Women
265,Plavins/Tocs,Beach Volleyball,Latvia,Men
266,Graudina/Kravcenoka,Beach Volleyball,Latvia,Women
267,Gaxiola/Rubio,Beach Volleyball,Mexico,Men
268,Abicha/Elgraoui,Beach Volleyball,Morocco,Men
269,Brouwer/Meeuwsen,Beach Volleyball,Netherlands,Men
270,Keizer/Meppelink,Beach Volleyball,Netherlands,Women
271,Stam/Schoon,Beach Volleyball,Netherlands,Women
272,Mol A./Sorum C.,Beach Volleyball,Norway,Men
273,Bryl/Fijalek,Beach Volleyball,Poland,Men
274,Kantor/Losiak,Beach Volleyball,Poland,Men
275,Cherif/Ahmed,Beach Volleyball,Qatar,Men
276,Krasilnikov/Stoyanovskiy,Beach Volleyball,ROC,Men
277,Leshukov/Semenov,Beach Volleyball,ROC,Men
278,Makroguzova/Kholomina,Beach Volleyball,ROC,Women
279,Herrera/Gavira,Beach Volleyball,Spain,Men
280,Liliana/Elsa,Beach Volleyball,Spain,Women
281,Heidrich/Gerson,Beach Volleyball,Switzerland,Men
282,Huberli/Betschart,Beach Volleyball,Switzerland,Women
283,"Verge-Depre, A./Heidrich",Beach Volleyball,Switzerland,Women
284,Gibb/Bourne,Beach Volleyball,United States of America,Men
285,Lucena/Dalhausser,Beach Volleyball,United States of America,Men
286,April/Alix,Beach Volleyball,United States of America,Women
287,Claes/Sponcil,Beach Volleyball,United States of America,Women
288,Australia,Cycling Track,Australia,Men's Madison
289,Australia,Cycling Track,Australia,Men's Team Pursuit
290,Australia,Cycling Track,Australia,Men's Team Sprint
291,Australia,Cycling Track,Australia,Women's Madison
292,Australia,Cycling Track,Australia,Women's Team Pursuit
293,Austria,Cycling Track,Austria,Men's Madison
294,Belgium,Cycling Track,Belgium,Men's Madison
295,Belgium,Cycling Track,Belgium,Women's Madison
296,Canada,Cycling Track,Canada,Men's Madison
297,Canada,Cycling Track,Canada,Men's Team Pursuit
298,Canada,Cycling Track,Canada,Women's Madison
299,Canada,Cycling Track,Canada,Women's Team Pursuit
300,China,Cycling Track,People's Republic of China,Women's Team Sprint
301,Denmark,Cycling Track,Denmark,Men's Madison
302,Denmark,Cycling Track,Denmark,Men's Team Pursuit
303,Denmark,Cycling Track,Denmark,Women's Madison
304,France,Cycling Track,France,Men's Madison
305,France,Cycling Track,France,Men's Team Sprint
306,France,Cycling Track,France,Women's Madison
307,France,Cycling Track,France,Women's Team Pursuit
308,Germany,Cycling Track,Germany,Men's Madison
309,Germany,Cycling Track,Germany,Men's Team Pursuit
310,Germany,Cycling Track,Germany,Men's Team Sprint
311,Germany,Cycling Track,Germany,Women's Madison
312,Germany,Cycling Track,Germany,Women's Team Pursuit
313,Germany,Cycling Track,Germany,Women's Team Sprint
314,Great Britain,Cycling Track,Great Britain,Men's Madison
315,Great Britain,Cycling Track,Great Britain,Men's Team Pursuit
316,Great Britain,Cycling Track,Great Britain,Men's Team Sprint
317,Great Britain,Cycling Track,Great Britain,Women's Madison
318,Great Britain,Cycling Track,Great Britain,Women's Team Pursuit
319,"Hong Kong, China",Cycling Track,"Hong Kong, China",Women's Madison
320,Ireland,Cycling Track,Ireland,Men's Madison
321,Ireland,Cycling Track,Ireland,Women's Madison
322,Italy,Cycling Track,Italy,Men's Madison
323,Italy,Cycling Track,Italy,Men's Team Pursuit
324,Italy,Cycling Track,Italy,Women's Madison
325,Italy,Cycling Track,Italy,Women's Team Pursuit
326,Japan,Cycling Track,Japan,Women's Madison
327,Lithuania,Cycling Track,Lithuania,Women's Team Sprint
328,Mexico,Cycling Track,Mexico,Women's Team Sprint
329,Netherlands,Cycling Track,Netherlands,Men's Madison
330,Netherlands,Cycling Track,Netherlands,Men's Team Sprint
331,Netherlands,Cycling Track,Netherlands,Women's Madison
332,Netherlands,Cycling Track,Netherlands,Women's Team Sprint
333,New Zealand,Cycling Track,New Zealand,Men's Madison
334,New Zealand,Cycling Track,New Zealand,Men's Team Pursuit
335,New Zealand,Cycling Track,New Zealand,Men's Team Sprint
336,New Zealand,Cycling Track,New Zealand,Women's Madison
337,New Zealand,Cycling Track,New Zealand,Women's Team Pursuit
338,Poland,Cycling Track,Poland,Men's Madison
339,Poland,Cycling Track,Poland,Men's Team Sprint
340,Poland,Cycling Track,Poland,Women's Madison
341,Poland,Cycling Track,Poland,Women's Team Sprint
342,ROC,Cycling Track,ROC,Men's Team Sprint
343,ROC,Cycling Track,ROC,Women's Madison
344,ROC,Cycling Track,ROC,Women's Team Sprint
345,Spain,Cycling Track,Spain,Men's Madison
346,Switzerland,Cycling Track,Switzerland,Men's Madison
347,Switzerland,Cycling Track,Switzerland,Men's Team Pursuit
348,Ukraine,Cycling Track,Ukraine,Women's Team Sprint
349,United States,Cycling Track,United States of America,Men's Madison
350,United States,Cycling Track,United States of America,Women's Madison
351,United States,Cycling Track,United States of America,Women's Team Pursuit
352,Canada,Fencing,Canada,Men's Foil Team
353,Canada,Fencing,Canada,Women's Foil Team
354,China,Fencing,People's Republic of China,Men's Épée Team
355,China,Fencing,People's Republic of China,Women's Épée Team
356,China,Fencing,People's Republic of China,Women's Sabre Team
357,Egypt,Fencing,Egypt,Men's Foil Team
358,Egypt,Fencing,Egypt,Men's Sabre Team
359,Egypt,Fencing,Egypt,Women's Foil Team
360,Estonia,Fencing,Estonia,Women's Épée Team
361,France,Fencing,France,Men's Épée Team
362,France,Fencing,France,Men's Foil Team
363,France,Fencing,France,Women's Foil Team
364,France,Fencing,France,Women's Sabre Team
365,Germany,Fencing,Germany,Men's Foil Team
366,Germany,Fencing,Germany,Men's Sabre Team
367,"Hong Kong, China",Fencing,"Hong Kong, China",Men's Foil Team
368,"Hong Kong, China",Fencing,"Hong Kong, China",Women's Épée Team
369,Hungary,Fencing,Hungary,Men's Sabre Team
370,Hungary,Fencing,Hungary,Women's Foil Team
371,Hungary,Fencing,Hungary,Women's Sabre Team
372,Islamic Rep. of Iran,Fencing,Islamic Republic of Iran,Men's Sabre Team
373,Italy,Fencing,Italy,Men's Épée Team
374,Italy,Fencing,Italy,Men's Foil Team
375,Italy,Fencing,Italy,Men's Sabre Team
376,Italy,Fencing,Italy,Women's Épée Team
377,Italy,Fencing,Italy,Women's Foil Team
378,Italy,Fencing,Italy,Women's Sabre Team
379,Japan,Fencing,Japan,Men's Épée Team
380,Japan,Fencing,Japan,Men's Foil Team
381,Japan,Fencing,Japan,Men's Sabre Team
382,Japan,Fencing,Japan,Women's Foil Team
383,Japan,Fencing,Japan,Women's Sabre Team
384,Poland,Fencing,Poland,Women's Épée Team
385,Republic of Korea,Fencing,Republic of Korea,Men's Épée Team
386,Republic of Korea,Fencing,Republic of Korea,Men's Sabre Team
387,Republic of Korea,Fencing,Republic of Korea,Women's Épée Team
388,Republic of Korea,Fencing,Republic of Korea,Women's Sabre Team
389,ROC,Fencing,ROC,Men's Épée Team
390,ROC,Fencing,ROC,Men's Foil Team
391,ROC,Fencing,ROC,Men's Sabre Team
392,ROC,Fencing,ROC,Women's Épée Team
393,ROC,Fencing,ROC,Women's Foil Team
394,ROC,Fencing,ROC,Women's Sabre Team
395,Switzerland,Fencing,Switzerland,Men's Épée Team
396,Tunisia,Fencing,Tunisia,Women's Sabre Team
397,Ukraine,Fencing,Ukraine,Men's Épée Team
398,United States,Fencing,United States of America,Men's Épée Team
399,United States,Fencing,United States of America,Men's Foil Team
400,United States,Fencing,United States of America,Men's Sabre Team
401,United States,Fencing,United States of America,Women's Épée Team
402,United States,Fencing,United States of America,Women's Foil Team
403,United States,Fencing,United States of America,Women's Sabre Team
404,Argentina,Football,Argentina,Men
405,Australia,Football,Australia,Men
406,Australia,Football,Australia,Women
407,Brazil,Football,Brazil,Men
408,Brazil,Football,Brazil,Women
409,Canada,Football,Canada,Women
410,Chile,Football,Chile,Women
411,China,Football,People's Republic of China,Women
412,Côte d’Ivoire,Football,Côte d'Ivoire,Men
413,Egypt,Football,Egypt,Men
414,France,Football,France,Men
415,Germany,Football,Germany,Men
416,Great Britain,Football,Great Britain,Women
417,Honduras,Football,Honduras,Men
418,Japan,Football,Japan,Men
419,Japan,Football,Japan,Women
420,Mexico,Football,Mexico,Men
421,Netherlands,Football,Netherlands,Women
422,New Zealand,Football,New Zealand,Men
423,New Zealand,Football,New Zealand,Women
424,Republic of Korea,Football,Republic of Korea,Men
425,Romania,Football,Romania,Men
426,Saudi Arabia,Football,Saudi Arabia,Men
427,South Africa,Football,South Africa,Men
428,Spain,Football,Spain,Men
429,Sweden,Football,Sweden,Women
430,United States,Football,United States of America,Women
431,Zambia,Football,Zambia,Women
432,Angola,Handball,Angola,Women
433,Argentina,Handball,Argentina,Men
434,Bahrain,Handball,Bahrain,Men
435,Brazil,Handball,Brazil,Men
436,Brazil,Handball,Brazil,Women
437,Denmark,Handball,Denmark,Men
438,Egypt,Handball,Egypt,Men
439,France,Handball,France,Men
440,France,Handball,France,Women
441,Germany,Handball,Germany,Men
442,Hungary,Handball,Hungary,Women
443,Japan,Handball,Japan,Men
444,Japan,Handball,Japan,Women
445,Montenegro,Handball,Montenegro,Women
446,Netherlands,Handball,Netherlands,Women
447,Norway,Handball,Norway,Men
448,Norway,Handball,Norway,Women
449,Portugal,Handball,Portugal,Men
450,Republic of Korea,Handball,Republic of Korea,Women
451,ROC,Handball,ROC,Women
452,Spain,Handball,Spain,Men
453,Spain,Handball,Spain,Women
454,Sweden,Handball,Sweden,Men
455,Sweden,Handball,Sweden,Women
456,Argentina,Hockey,Argentina,Men
457,Argentina,Hockey,Argentina,Women
458,Australia,Hockey,Australia,Men
459,Australia,Hockey,Australia,Women
460,Belgium,Hockey,Belgium,Men
461,Canada,Hockey,Canada,Men
462,China,Hockey,People's Republic of China,Women
463,Germany,Hockey,Germany,Men
464,Germany,Hockey,Germany,Women
465,Great Britain,Hockey,Great Britain,Men
466,Great Britain,Hockey,Great Britain,Women
467,India,Hockey,India,Men
468,India,Hockey,India,Women
469,Ireland,Hockey,Ireland,Women
470,Japan,Hockey,Japan,Men
471,Japan,Hockey,Japan,Women
472,Netherlands,Hockey,Netherlands,Men
473,Netherlands,Hockey,Netherlands,Women
474,New Zealand,Hockey,New Zealand,Men
475,New Zealand,Hockey,New Zealand,Women
476,South Africa,Hockey,South Africa,Men
477,South Africa,Hockey,South Africa,Women
478,Spain,Hockey,Spain,Men
479,Spain,Hockey,Spain,Women
480,Australia,Rhythmic Gymnastics,Australia,Group All-Around
481,Azerbaijan,Rhythmic Gymnastics,Azerbaijan,Group All-Around
482,Belarus,Rhythmic Gymnastics,Belarus,Group All-Around
483,Brazil,Rhythmic Gymnastics,Brazil,Group All-Around
484,Bulgaria,Rhythmic Gymnastics,Bulgaria,Group All-Around
485,China,Rhythmic Gymnastics,People's Republic of China,Group All-Around
486,Egypt,Rhythmic Gymnastics,Egypt,Group All-Around
487,Israel,Rhythmic Gymnastics,Israel,Group All-Around
488,Italy,Rhythmic Gymnastics,Italy,Group All-Around
489,Japan,Rhythmic Gymnastics,Japan,Group All-Around
490,ROC,Rhythmic Gymnastics,ROC,Group All-Around
491,Ukraine,Rhythmic Gymnastics,Ukraine,Group All-Around
492,United States,Rhythmic Gymnastics,United States of America,Group All-Around
493,Uzbekistan,Rhythmic Gymnastics,Uzbekistan,Group All-Around
494,Argentina,Rugby Sevens,Argentina,Men
495,Australia,Rugby Sevens,Australia,Men
496,Australia,Rugby Sevens,Australia,Women
497,Brazil,Rugby Sevens,Brazil,Women
498,Canada,Rugby Sevens,Canada,Men
499,Canada,Rugby Sevens,Canada,Women
500,China,Rugby Sevens,People's Republic of China,Women
501,Fiji,Rugby Sevens,Fiji,Men
502,Fiji,Rugby Sevens,Fiji,Women
503,France,Rugby Sevens,France,Women
504,Great Britain,Rugby Sevens,Great Britain,Men
505,Great Britain,Rugby Sevens,Great Britain,Women
506,Ireland,Rugby Sevens,Ireland,Men
507,Japan,Rugby Sevens,Japan,Men
508,Japan,Rugby Sevens,Japan,Women
509,Kenya,Rugby Sevens,Kenya,Men
510,Kenya,Rugby Sevens,Kenya,Women
511,New Zealand,Rugby Sevens,New Zealand,Men
512,New Zealand,Rugby Sevens,New Zealand,Women
513,Republic of Korea,Rugby Sevens,Republic of Korea,Men
514,ROC,Rugby Sevens,ROC,Women
515,South Africa,Rugby Sevens,South Africa,Men
516,United States,Rugby Sevens,United States of America,Men
517,United States,Rugby Sevens,United States of America,Women
518,Australia,Swimming,Australia,Men's 4 x 100m Freestyle Relay
519,Australia,Swimming,Australia,Men's 4 x 100m Medley Relay
520,Australia,Swimming,Australia,Men's 4 x 200m Freestyle Relay
521,Australia,Swimming,Australia,Mixed 4 x 100m Medley Relay
522,Australia,Swimming,Australia,Women's 4 x 100m Freestyle Relay
523,Australia,Swimming,Australia,Women's 4 x 100m Medley Relay
524,Australia,Swimming,Australia,Women's 4 x 200m Freestyle Relay
525,Belarus,Swimming,Belarus,Men's 4 x 100m Medley Relay
526,Belarus,Swimming,Belarus,Mixed 4 x 100m Medley Relay
527,Belarus,Swimming,Belarus,Women's 4 x 100m Medley Relay
528,Brazil,Swimming,Brazil,Men's 4 x 100m Freestyle Relay
529,Brazil,Swimming,Brazil,Men's 4 x 100m Medley Relay
530,Brazil,Swimming,Brazil,Men's 4 x 200m Freestyle Relay
531,Brazil,Swimming,Brazil,Mixed 4 x 100m Medley Relay
532,Brazil,Swimming,Brazil,Women's 4 x 100m Freestyle Relay
533,Brazil,Swimming,Brazil,Women's 4 x 200m Freestyle Relay
534,Canada,Swimming,Canada,Men's 4 x 100m Freestyle Relay
535,Canada,Swimming,Canada,Men's 4 x 100m Medley Relay
536,Canada,Swimming,Canada,Mixed 4 x 100m Medley Relay
537,Canada,Swimming,Canada,Women's 4 x 100m Freestyle Relay
538,Canada,Swimming,Canada,Women's 4 x 100m Medley Relay
539,Canada,Swimming,Canada,Women's 4 x 200m Freestyle Relay
540,China,Swimming,People's Republic of China,Men's 4 x 100m Medley Relay
541,China,Swimming,People's Republic of China,Men's 4 x 200m Freestyle Relay
542,China,Swimming,People's Republic of China,Mixed 4 x 100m Medley Relay
543,China,Swimming,People's Republic of China,Women's 4 x 100m Freestyle Relay
544,China,Swimming,People's Republic of China,Women's 4 x 100m Medley Relay
545,China,Swimming,People's Republic of China,Women's 4 x 200m Freestyle Relay
546,Czech Republic,Swimming,Czech Republic,Women's 4 x 100m Freestyle Relay
547,Denmark,Swimming,Denmark,Women's 4 x 100m Freestyle Relay
548,Denmark,Swimming,Denmark,Women's 4 x 100m Medley Relay
549,France,Swimming,France,Men's 4 x 100m Freestyle Relay
550,France,Swimming,France,Men's 4 x 100m Medley Relay
551,France,Swimming,France,Men's 4 x 200m Freestyle Relay
552,France,Swimming,France,Women's 4 x 100m Freestyle Relay
553,France,Swimming,France,Women's 4 x 200m Freestyle Relay
554,Germany,Swimming,Germany,Men's 4 x 100m Freestyle Relay
555,Germany,Swimming,Germany,Men's 4 x 100m Medley Relay
556,Germany,Swimming,Germany,Men's 4 x 200m Freestyle Relay
557,Germany,Swimming,Germany,Mixed 4 x 100m Medley Relay
558,Germany,Swimming,Germany,Women's 4 x 100m Freestyle Relay
559,Germany,Swimming,Germany,Women's 4 x 100m Medley Relay
560,Germany,Swimming,Germany,Women's 4 x 200m Freestyle Relay
561,Great Britain,Swimming,Great Britain,Men's 4 x 100m Freestyle Relay
562,Great Britain,Swimming,Great Britain,Men's 4 x 100m Medley Relay
563,Great Britain,Swimming,Great Britain,Men's 4 x 200m Freestyle Relay
564,Great Britain,Swimming,Great Britain,Mixed 4 x 100m Medley Relay
565,Great Britain,Swimming,Great Britain,Women's 4 x 100m Freestyle Relay
566,Great Britain,Swimming,Great Britain,Women's 4 x 100m Medley Relay
567,Greece,Swimming,Greece,Men's 4 x 100m Freestyle Relay
568,Greece,Swimming,Greece,Men's 4 x 100m Medley Relay
569,Greece,Swimming,Greece,Mixed 4 x 100m Medley Relay
570,"Hong Kong, China",Swimming,"Hong Kong, China",Women's 4 x 100m Freestyle Relay
571,"Hong Kong, China",Swimming,"Hong Kong, China",Women's 4 x 100m Medley Relay
572,"Hong Kong, China",Swimming,"Hong Kong, China",Women's 4 x 200m Freestyle Relay
573,Hungary,Swimming,Hungary,Men's 4 x 100m Freestyle Relay
574,Hungary,Swimming,Hungary,Men's 4 x 100m Medley Relay
575,Hungary,Swimming,Hungary,Men's 4 x 200m Freestyle Relay
576,Hungary,Swimming,Hungary,Mixed 4 x 100m Medley Relay
577,Hungary,Swimming,Hungary,Women's 4 x 200m Freestyle Relay
578,Ireland,Swimming,Ireland,Men's 4 x 200m Freestyle Relay
579,Israel,Swimming,Israel,Men's 4 x 200m Freestyle Relay
580,Israel,Swimming,Israel,Mixed 4 x 100m Medley Relay
581,Italy,Swimming,Italy,Men's 4 x 100m Freestyle Relay
582,Italy,Swimming,Italy,Men's 4 x 100m Medley Relay
583,Italy,Swimming,Italy,Men's 4 x 200m Freestyle Relay
584,Italy,Swimming,Italy,Mixed 4 x 100m Medley Relay
585,Italy,Swimming,Italy,Women's 4 x 100m Medley Relay
586,Italy,Swimming,Italy,Women's 4 x 200m Freestyle Relay
587,Japan,Swimming,Japan,Men's 4 x 100m Freestyle Relay
588,Japan,Swimming,Japan,Men's 4 x 100m Medley Relay
589,Japan,Swimming,Japan,Men's 4 x 200m Freestyle Relay
590,Japan,Swimming,Japan,Mixed 4 x 100m Medley Relay
591,Japan,Swimming,Japan,Women's 4 x 100m Freestyle Relay
592,Japan,Swimming,Japan,Women's 4 x 100m Medley Relay
593,Japan,Swimming,Japan,Women's 4 x 200m Freestyle Relay
594,Lithuania,Swimming,Lithuania,Men's 4 x 100m Medley Relay
595,Netherlands,Swimming,Netherlands,Men's 4 x 100m Freestyle Relay
596,Netherlands,Swimming,Netherlands,Mixed 4 x 100m Medley Relay
597,Netherlands,Swimming,Netherlands,Women's 4 x 100m Freestyle Relay
598,Netherlands,Swimming,Netherlands,Women's 4 x 100m Medley Relay
599,New Zealand,Swimming,New Zealand,Women's 4 x 200m Freestyle Relay
600,Poland,Swimming,Poland,Men's 4 x 100m Freestyle Relay
601,Poland,Swimming,Poland,Men's 4 x 100m Medley Relay
602,Poland,Swimming,Poland,Men's 4 x 200m Freestyle Relay
603,Poland,Swimming,Poland,Mixed 4 x 100m Medley Relay
604,Poland,Swimming,Poland,Women's 4 x 100m Freestyle Relay
605,Poland,Swimming,Poland,Women's 4 x 200m Freestyle Relay
606,Republic of Korea,Swimming,Republic of Korea,Men's 4 x 200m Freestyle Relay
607,Republic of Korea,Swimming,Republic of Korea,Women's 4 x 200m Freestyle Relay
608,ROC,Swimming,ROC,Men's 4 x 100m Freestyle Relay
609,ROC,Swimming,ROC,Men's 4 x 100m Medley Relay
610,ROC,Swimming,ROC,Men's 4 x 200m Freestyle Relay
611,ROC,Swimming,ROC,Mixed 4 x 100m Medley Relay
612,ROC,Swimming,ROC,Women's 4 x 100m Freestyle Relay
613,ROC,Swimming,ROC,Women's 4 x 100m Medley Relay
614,ROC,Swimming,ROC,Women's 4 x 200m Freestyle Relay
615,Serbia,Swimming,Serbia,Men's 4 x 100m Freestyle Relay
616,South Africa,Swimming,South Africa,Women's 4 x 100m Medley Relay
617,South Africa,Swimming,South Africa,Women's 4 x 200m Freestyle Relay
618,Spain,Swimming,Spain,Women's 4 x 100m Medley Relay
619,Sweden,Swimming,Sweden,Women's 4 x 100m Freestyle Relay
620,Sweden,Swimming,Sweden,Women's 4 x 100m Medley Relay
621,Switzerland,Swimming,Switzerland,Men's 4 x 100m Freestyle Relay
622,Switzerland,Swimming,Switzerland,Men's 4 x 200m Freestyle Relay
623,Turkey,Swimming,Turkey,Women's 4 x 200m Freestyle Relay
624,United States,Swimming,United States of America,Men's 4 x 100m Freestyle Relay
625,United States,Swimming,United States of America,Men's 4 x 100m Medley Relay
626,United States,Swimming,United States of America,Men's 4 x 200m Freestyle Relay
627,United States,Swimming,United States of America,Mixed 4 x 100m Medley Relay
628,United States,Swimming,United States of America,Women's 4 x 100m Freestyle Relay
629,United States,Swimming,United States of America,Women's 4 x 100m Medley Relay
630,United States,Swimming,United States of America,Women's 4 x 200m Freestyle Relay
631,Australia,Table Tennis,Australia,Men's Team
632,HU Heming / TAPPER Melissa,Table Tennis,Australia,Mixed Doubles
633,Australia,Table Tennis,Australia,Women's Team
634,FEGERL Stefan / POLCANOVA Sofia,Table Tennis,Austria,Mixed Doubles
635,Austria,Table Tennis,Austria,Women's Team
636,Brazil,Table Tennis,Brazil,Men's Team
637,Brazil,Table Tennis,Brazil,Women's Team
638,WANG Zhen / ZHANG Mo,Table Tennis,Canada,Mixed Doubles
639,China,Table Tennis,People's Republic of China,Men's Team
640,XU Xin / LIU Shiwen,Table Tennis,People's Republic of China,Mixed Doubles
641,China,Table Tennis,People's Republic of China,Women's Team
642,Chinese Taipei,Table Tennis,Chinese Taipei,Men's Team
643,LIN Yun Ju / CHENG I Ching,Table Tennis,Chinese Taipei,Mixed Doubles
644,Chinese Taipei,Table Tennis,Chinese Taipei,Women's Team
645,Croatia,Table Tennis,Croatia,Men's Team
646,CAMPOS Jorge / FONSECA Daniela,Table Tennis,Cuba,Mixed Doubles
647,Egypt,Table Tennis,Egypt,Men's Team
648,ASSAR Omar / MESHREF Dina,Table Tennis,Egypt,Mixed Doubles
649,Egypt,Table Tennis,Egypt,Women's Team
650,France,Table Tennis,France,Men's Team
651,LEBESSON Emmanuel / YUAN Jia Nan,Table Tennis,France,Mixed Doubles
652,France,Table Tennis,France,Women's Team
653,Germany,Table Tennis,Germany,Men's Team
654,FRANZISKA Patrick / SOLJA Petrissa,Table Tennis,Germany,Mixed Doubles
655,Germany,Table Tennis,Germany,Women's Team
656,"Hong Kong, China",Table Tennis,"Hong Kong, China",Men's Team
657,WONG Chun Ting / DOO Hoi Kem,Table Tennis,"Hong Kong, China",Mixed Doubles
658,"Hong Kong, China",Table Tennis,"Hong Kong, China",Women's Team
659,SZUDI Adam / PERGEL Szandra,Table Tennis,Hungary,Mixed Doubles
660,Hungary,Table Tennis,Hungary,Women's Team
661,ACHANTA Kamal / BATRA Manika,Table Tennis,India,Mixed Doubles
662,Japan,Table Tennis,Japan,Men's Team
663,MIZUTANI Jun / ITO Mima,Table Tennis,Japan,Mixed Doubles
664,Japan,Table Tennis,Japan,Women's Team
665,Poland,Table Tennis,Poland,Women's Team
666,Portugal,Table Tennis,Portugal,Men's Team
667,Republic of Korea,Table Tennis,Republic of Korea,Men's Team
668,LEE Sangsu / JEON Jihee,Table Tennis,Republic of Korea,Mixed Doubles
669,Republic of Korea,Table Tennis,Republic of Korea,Women's Team
670,IONESCU Ovidiu / SZOCS Bernadette,Table Tennis,Romania,Mixed Doubles
671,Romania,Table Tennis,Romania,Women's Team
672,Serbia,Table Tennis,Serbia,Men's Team
673,Singapore,Table Tennis,Singapore,Women's Team
674,PISTEJ Lubomir / BALAZOVA Barbora,Table Tennis,Slovakia,Mixed Doubles
675,Slovenia,Table Tennis,Slovenia,Men's Team
676,Sweden,Table Tennis,Sweden,Men's Team
677,United States,Table Tennis,United States of America,Men's Team
678,United States,Table Tennis,United States of America,Women's Team
679,Australia,Triathlon,Australia,Mixed Relay
680,Austria,Triathlon,Austria,Mixed Relay
681,Belgium,Triathlon,Belgium,Mixed Relay
682,Canada,Triathlon,Canada,Mixed Relay
683,France,Triathlon,France,Mixed Relay
684,Germany,Triathlon,Germany,Mixed Relay
685,Great Britain,Triathlon,Great Britain,Mixed Relay
686,Hungary,Triathlon,Hungary,Mixed Relay
687,Italy,Triathlon,Italy,Mixed Relay
688,Japan,Triathlon,Japan,Mixed Relay
689,Mexico,Triathlon,Mexico,Mixed Relay
690,Netherlands,Triathlon,Netherlands,Mixed Relay
691,New Zealand,Triathlon,New Zealand,Mixed Relay
692,ROC,Triathlon,ROC,Mixed Relay
693,South Africa,Triathlon,South Africa,Mixed Relay
694,Spain,Triathlon,Spain,Mixed Relay
695,Switzerland,Triathlon,Switzerland,Mixed Relay
696,United States,Triathlon,United States of America,Mixed Relay
697,Argentina,Volleyball,Argentina,Men
698,Argentina,Volleyball,Argentina,Women
699,Brazil,Volleyball,Brazil,Men
700,Brazil,Volleyball,Brazil,Women
701,Canada,Volleyball,Canada,Men
702,China,Volleyball,People's Republic of China,Women
703,Dominican Rep.,Volleyball,Dominican Republic,Women
704,France,Volleyball,France,Men
705,Islamic Rep. of Iran,Volleyball,Islamic Republic of Iran,Men
706,Italy,Volleyball,Italy,Men
707,Italy,Volleyball,Italy,Women
708,Japan,Volleyball,Japan,Men
709,Japan,Volleyball,Japan,Women
710,Kenya,Volleyball,Kenya,Women
711,Poland,Volleyball,Poland,Men
712,Republic of Korea,Volleyball,Republic of Korea,Women
713,ROC,Volleyball,ROC,Men
714,ROC,Volleyball,ROC,Women
715,Serbia,Volleyball,Serbia,Women
716,Tunisia,Volleyball,Tunisia,Men
717,Turkey,Volleyball,Turkey,Women
718,United States,Volleyball,United States of America,Men
719,United States,Volleyball,United States of America,Women
720,Venezuela,Volleyball,Venezuela,Men
721,Australia,Water Polo,Australia,Men
722,Australia,Water Polo,Australia,Women
723,Canada,Water Polo,Canada,Women
724,China,Water Polo,People's Republic of China,Women
725,Croatia,Water Polo,Croatia,Men
726,Greece,Water Polo,Greece,Men
727,Hungary,Water Polo,Hungary,Men
728,Hungary,Water Polo,Hungary,Women
729,Italy,Water Polo,Italy,Men
730,Japan,Water Polo,Japan,Men
731,Japan,Water Polo,Japan,Women
732,Kazakhstan,Water Polo,Kazakhstan,Men
733,Montenegro,Water Polo,Montenegro,Men
734,Netherlands,Water Polo,Netherlands,Women
735,ROC,Water Polo,ROC,Women
736,Serbia,Water Polo,Serbia,Men
737,South Africa,Water Polo,South Africa,Men
738,South Africa,Water Polo,South Africa,Women
739,Spain,Water Polo,Spain,Men
740,Spain,Water Polo,Spain,Women
741,United States,Water Polo,United States of America,Men
742,United States,Water Polo,United States of America,Women
